{
	"name": "AreaTemplate",
	"visualStyles": {
		"areaChart": {
			"*": {
				"general": [{
					"responsive": true
				}],
				"legend": [{
					"show": true,
					"position": "Top",
					"showTitle": true,
					"titleText": "",
					"labelColor": { "solid": { "color": "#01B8AA"}},
					"fontFamily": "Courier New",
					"fontSize": 10,
					"legendMarkerRendering": "markerOnly",
					"matchLineColor": false
				}],
				"categoryAxis": [{
					"show": true,
					"axisType": "categorical",
					"labelColor": { "solid": { "color": "#01B8AA"}},
					"fontSize": 14,
					"fontFamily": "Courier New",
					"preferredCategoryWidth": 30,
					"maxMarginFactor": 28,
					"concatenateLabels": true,
					"showAxisTitle": true,
					"axisStyle": "showTitleOnly",
					"titleColor": { "solid": { "color": "#01B8AA"}},
					"titleText": "asdf",
					"titleFontSize": 12,
					"titleFontFamily": "Segoe UI"
				}],
				"valueAxis": [{
					"show": true,
					"position": "Right",
					"axisScale": "Linear",
					"start": 0,
					"end": 10,
					"labelColor": { "solid": { "color": "#01B8AA"}},
					"fontSize": 14,
					"fontFamily": "Courier New",
					"labelDisplayUnits": "0",
					"labelPrecision": "Auto",
					"showAxisTitle": true,
					"axisStyle": "showTitleOnly",
					"color": { "solid": { "color": "01B8AA"}},
					"titleText": "asdf",
					"titleFontSize": 12,
					"titleFontFamily": "Courier New",
					"gridlineShow": true,
					"gridlineColor": { "solid": { "color": "#01B8AA"}},
					"gridlineThickness": 2,
					"gridlineStyle": "dashed"
				}],
				"dataPoint": [{
					"defaultColor": { "solid": { "color": "#448822"}}
				}],
				"labels": [{
					"show": true,
					"color": { "solid": { "color": "#EEEEEE"}},
					"labelDisplayUnits": "0",
					"labelPrecision": 1,
					"fontSize": 11,
					"fontFamily": "Courier New",
					"enableBackground": true,
					"backgroundColor": { "solid": { "color": "#0928DD"}},
					"backgroundTransparency": 30
				}],	
				"lineStyles": [{
					"strokeWidth": 4,
					"strokeLineJoin": "bevel",
					"lineStyle": "dashed",
					"showMarker": true,
					"markerShape": "triangle",
					"markerSize": 10,
					"markerColor": { "solid": { "color": "#448822"}}
				}],
				"plotArea": [{
					"transparency": 20
				}]
			}
		}
	}
}