{
	"name": "DonutChartTemplate",
	"visualStyles": {
		"donutChart": {
			"*": {
				"legend": [{
					"show": true,
					"position": "Top",
					"showTitle": true,
					"titleText": "",
					"legendColor": { "solid": { "color": "#01B8AA"}},
					"fontFamily": "Segoe UI",
					"fontSize": 12
				}],
				"labels": [{
					"show": true,
					"labelStyle": "Data",
					"color": { "solid": { "color": "#01B8AA"}},
					"labelDisplayUnits": "0",
					"labelPrecision": 0,
					"fontSize": 10,
					"fontFamily": "Verdana",
					"position": "inside"
				}],
				"slices": [{
					"innerRadiusRatio": 90
				}]
			}
		}
	}
}